{
  "V10": 0.15002,
  "V14": 0.137398,
  "V2": 0.11302,
  "V12": 0.095328,
  "V11": 0.088065,
  "V4": 0.069276,
  "V21": 0.067852,
  "V3": 0.060811,
  "V17": 0.057528,
  "V16": 0.037042,
  "V7": 0.023521,
  "V27": 0.018159,
  "V28": 0.014831,
  "V8": 0.013537,
  "V20": 0.010157
}